<FluentXMLReport>
<version>
Fluent
Version: axi, dp, pbns, sstkw (axi, double precision, pressure-based, SST k-omega)
Release: 21.1.0
Title: 
</version>

<Models>

Models
------

   Model                        Settings                       
   ---------------------------------------------------------
   Space                        Axisymmetric                   
   Time                         Steady                         
   Viscous                      SST k-omega turbulence model   
   Heat Transfer                Enabled                        
   Solidification and Melting   Disabled                       
   Radiation                    None                           
   Species                      Disabled                       
   Coupled Dispersed Phase      Disabled                       
   NOx Pollutants               Disabled                       
   SOx Pollutants               Disabled                       
   Soot                         Disabled                       
   Mercury Pollutants           Disabled                       
   Structure                    Disabled                       
   Acoustics                    Disabled                       
   Eulerian Wall Film           Disabled                       
   Potential/Li-ion Battery     Disabled                       
   Multiphase                   Disabled                       

</Models>

<MaterialProperties>
Material Properties
-------------------

   Material: air (fluid)

      Property                        Units      Method      Value(s)     
      -----------------------------------------------------------------
      Density                         kg/m^3     ideal-gas   #f           
      Cp (Specific Heat)              J/(kg K)   constant    1006.43      
      Thermal Conductivity            W/(m K)    constant    0.0242       
      Viscosity                       kg/(m s)   constant    1.7894e-05   
      Molecular Weight                kg/kmol    constant    28.966       
      Thermal Expansion Coefficient   K^-1       constant    0            
      Speed of Sound                  m/s        none        #f           

   Material: aluminum (solid)

      Property               Units      Method     Value(s)   
      -----------------------------------------------------
      Density                kg/m^3     constant   2719       
      Cp (Specific Heat)     J/(kg K)   constant   871        
      Thermal Conductivity   W/(m K)    constant   202.4      

</MaterialProperties>

<CellZoneConditions>
Cell Zone Conditions
--------------------

   Zones

      name    id   type    
      ------------------
      fluid   9    fluid   

   Setup Conditions

      fluid

         Condition       Value   
         ---------------------
         Frame Motion?   no      

</CellZoneConditions>

<BoundaryConditions>
Boundary Conditions
-------------------

   Zones

      name          id   type              
      ----------------------------------
      inlet         11   velocity-inlet    
      outlet_top    12   pressure-outlet   
      outlet_side   13   pressure-outlet   
      axis          14   axis              
      wall          15   wall              

   Setup Conditions

      inlet

         Condition                            Value         
         ------------------------------------------------
         Velocity Magnitude [m/s]             90            
         Turbulent Specification Method       K and Omega   
         Turbulent Kinetic Energy [m^2/s^2]   8.4304515     
         Specific Dissipation Rate [s^-1]     216.37083     

      outlet_top

         Condition                                     Value         
         ---------------------------------------------------------
         Turbulent Specification Method                K and Omega   
         Backflow Turbulent Kinetic Energy [m^2/s^2]   8.4304515     
         Backflow Specific Dissipation Rate [s^-1]     216.37083     

      outlet_side

         Condition                                     Value         
         ---------------------------------------------------------
         Turbulent Specification Method                K and Omega   
         Backflow Turbulent Kinetic Energy [m^2/s^2]   8.4304515     
         Backflow Specific Dissipation Rate [s^-1]     216.37083     

      axis

         Condition   Value   
         -----------------

      wall

         Condition                  Value             
         ------------------------------------------
         Thermal BC Type            Heat Flux         
         Wall Motion                Stationary Wall   
         Shear Boundary Condition   No Slip           
         Wall Surface Roughness     0                 

</BoundaryConditions>

<SolverSettings>
Solver Settings
---------------

   Equations

      Equation     Solved   
      -------------------
      Flow         yes      
      Turbulence   yes      
      Energy       yes      

   Numerics

      Numeric                         Enabled   
      ---------------------------------------
      Absolute Velocity Formulation   yes       

   Under-Relaxation Factors

      Variable                    Relaxation Factor   
      ---------------------------------------------
      Density                     1                   
      Body Forces                 1                   
      Turbulent Kinetic Energy    0.8                 
      Specific Dissipation Rate   0.8                 
      Turbulent Viscosity         1                   
      Energy                      1                   
      Explicit Momentum           0.5                 
      Explicit Pressure           0.5                 

   Linear Solver

      Variable                    Solver Type   Termination Criterion   Residual Reduction Tolerance   
      ----------------------------------------------------------------------------------------------
      Flow                        F-Cycle       0.1                                                    
      Turbulent Kinetic Energy    Flexible      0.1                     0.7                            
      Specific Dissipation Rate   Flexible      0.1                     0.7                            
      Energy                      F-Cycle       0.1                                                    

   Pressure-Velocity Coupling

      Parameter             Value     
      -----------------------------
      Type                  Coupled   
      Pseudo Transient      no        
      Flow Courant Number   1         

   Discretization Scheme

      Variable                    Scheme                
      -----------------------------------------------
      Pressure                    Second Order          
      Density                     Second Order Upwind   
      Momentum                    Second Order Upwind   
      Turbulent Kinetic Energy    Second Order Upwind   
      Specific Dissipation Rate   Second Order Upwind   
      Energy                      Second Order Upwind   

   Solution Limits

      Quantity                         Limit    
      ---------------------------------------
      Minimum Absolute Pressure        1        
      Maximum Absolute Pressure        5e+10    
      Minimum Temperature              1        
      Maximum Temperature              5000     
      Minimum Turb. Kinetic Energy     1e-14    
      Minimum Spec. Dissipation Rate   1e-20    
      Maximum Turb. Viscosity Ratio    100000   

</SolverSettings>

</FluentXMLReport>